{
	"0": 
	{
		"K" : 
		[
			1.03053,
			0.0,
			0.49587,
			0.0,
			1.38127,
			0.451145,
			0.0,
			0.0,
			1.0
		],
		"R" : 
		[
			1.5159,
			-0.675795,
  			0.68041
		],
		"T" : 
		[
			-0.594278,
 			0.971974,
  			2.62451
		]
	},
	"1": 
	{
		"K" : 
		[
			1.06366,
			0.0,
			0.505477,
			0.0,
			1.40035,
			0.485293,
			0.0,
			0.0,
			1.0
		],
		"R" : 
		[
			1.22775,
			-1.24015,
 			1.21254
		],
		"T" : 
		[
			0.24584,
			0.862727,
 			3.54394
		]
	},
	"2": 
	{
		"K" : 
		[
			1.09502,
			0.0,
			0.549307,
			0.0,
			1.4336,
			0.483522,
			0.0,
			0.0,
			1.0
		],
		"R" : 
		[
			0.861279,
			-2.40193,
  			1.3344
		],
		"T" : 
		[
			0.280626,
			0.701673,
 			3.89398
		]
	},
	"3": 
	{
		"K" : 
		[
			1.02341,
			0.0,
			0.535306,
			0.0,
			1.36551,
			0.506676,
			0.0,
			0.0,
			1.0
		],
		"R" : 
		[
			0.327856,
 			2.34194,
			-1.89607
		],
		"T" : 
		[
			0.202527,
 			0.62374,
 			3.76025
		]
	},
	"4": 
	{
		"K" : 
		[
			1.05587,
			0.0,
			0.482878,
			0.0,
			1.39304,
			0.463292,
			0.0,
			0.0,
			1.0
		],
		"R" : 
		[
			1.28693,
			1.53072,
			-1.23833
		],
		"T" : 
		[
			0.51718,
			0.501783,
			4.03881
		]
	}
}